ID,Month,Day,Year
831,9,7,2025
832,9,9,2025
833,9,10,2025
834,9,12,2025
835,10,9,2025
836,10,24,2025
837,11,8,2025
838,11,9,2025
839,11,10,2025
840,11,14,2025
841,11,14,2025
842,11,16,2025
843,11,20,2025
844,11,25,2025
845,12,7,2025
846,12,8,2025
847,12,8,2025
848,12,9,2025
849,12,10,2025
850,3,22,2026
851,3,22,2026
852,3,23,2026
853,3,25,2026
854,3,26,2026
855,3,27,2026
856,3,30,2026
857,4,1,2026
858,4,5,2026
859,4,6,2026
860,4,8,2026
861,4,8,2026
862,4,10,2026
863,4,11,2026
864,4,21,2026
865,4,23,2026
866,4,24,2026
867,5,7,2026
868,5,9,2026
869,5,19,2026
870,5,22,2026
871,5,25,2026
872,5,30,2026
873,6,8,2026
874,7,1,2026
875,7,17,2026
876,8,6,2026